{"cameraMode":{"drawMode":0,"name":"Shaded","section":"Shading Mode"},"sceneLighting":true,"audioPlay":false,"sceneViewState":{"showFog":true,"showMaterialUpdate":false,"showSkybox":true,"showFlares":true,"showImageEffects":true,"showParticleSystems":true},"in2DMode":false,"pivot":{"x":19.206979751586915,"y":0.7961704730987549,"z":0.7515647411346436},"rotation":{"x":-0.030982190743088723,"y":0.3436499536037445,"z":0.011344374157488346,"w":0.9385181069374085},"size":5.080087661743164,"orthographic":false}