{"cameraMode":{"drawMode":0,"name":"Shaded","section":"Shading Mode"},"sceneLighting":false,"audioPlay":false,"sceneViewState":{"showFog":true,"showMaterialUpdate":false,"showSkybox":true,"showFlares":true,"showImageEffects":true,"showParticleSystems":true},"in2DMode":false,"pivot":{"x":-468.1205749511719,"y":-211.8645782470703,"z":-7.31196403503418},"rotation":{"x":0.06983161717653275,"y":0.016458982601761819,"z":-0.0011523653520271183,"w":0.9974223971366882},"size":4.355005264282227,"orthographic":false}