{"cameraMode":{"drawMode":0,"name":"Shaded","section":"Shading Mode"},"sceneLighting":false,"audioPlay":false,"sceneViewState":{"showFog":true,"showMaterialUpdate":false,"showSkybox":true,"showFlares":true,"showImageEffects":true,"showParticleSystems":true},"in2DMode":false,"pivot":{"x":42.73368835449219,"y":4.039999961853027,"z":0.5364331007003784},"rotation":{"x":0.010182042606174946,"y":-0.0398901030421257,"z":-0.0004063144151587039,"w":-0.9991521239280701},"size":8.046121597290039,"orthographic":false}