{"cameraMode":{"drawMode":0,"name":"Shaded","section":"Shading Mode"},"sceneLighting":false,"audioPlay":false,"sceneViewState":{"showFog":true,"showMaterialUpdate":false,"showSkybox":true,"showFlares":true,"showImageEffects":true,"showParticleSystems":true},"in2DMode":false,"pivot":{"x":42.73368835449219,"y":4.039999961853027,"z":0.5364331007003784},"rotation":{"x":0.10745450854301453,"y":0.07835792005062103,"z":-0.00849560834467411,"w":0.9910809397697449},"size":8.046121597290039,"orthographic":false}