{"cameraMode":{"drawMode":0,"name":"Shaded","section":"Shading Mode"},"sceneLighting":false,"audioPlay":false,"sceneViewState":{"showFog":true,"showMaterialUpdate":false,"showSkybox":true,"showFlares":true,"showImageEffects":true,"showParticleSystems":true},"in2DMode":false,"pivot":{"x":-16.399999618530275,"y":1.2100000381469727,"z":0.009999990463256836},"rotation":{"x":0.19809392094612122,"y":-0.15221215784549714,"z":0.031156204640865327,"w":0.9677910804748535},"size":10.569674491882325,"orthographic":false}