{"cameraMode":{"drawMode":0,"name":"Shaded","section":"Shading Mode"},"sceneLighting":false,"audioPlay":false,"sceneViewState":{"showFog":true,"showMaterialUpdate":false,"showSkybox":true,"showFlares":true,"showImageEffects":true,"showParticleSystems":true},"in2DMode":false,"pivot":{"x":6.359999656677246,"y":-3.6399998664855959,"z":-5.960464477539063e-8},"rotation":{"x":-0.09274239093065262,"y":0.05135601386427879,"z":-0.004789926577359438,"w":-0.9943532943725586},"size":5.392244338989258,"orthographic":false}