{"cameraMode":{"drawMode":0,"name":"Shaded","section":"Shading Mode"},"sceneLighting":false,"audioPlay":false,"sceneViewState":{"showFog":true,"showMaterialUpdate":false,"showSkybox":true,"showFlares":true,"showImageEffects":true,"showParticleSystems":true},"in2DMode":false,"pivot":{"x":-7.1100006103515629,"y":4.769999980926514,"z":3.5762786865234377e-7},"rotation":{"x":-0.09274239093065262,"y":0.05135601386427879,"z":-0.004789926577359438,"w":-0.9943532943725586},"size":6.257697582244873,"orthographic":false}