{"cameraMode":{"drawMode":0,"name":"Shaded","section":"Shading Mode"},"sceneLighting":false,"audioPlay":false,"sceneViewState":{"showFog":true,"showMaterialUpdate":false,"showSkybox":true,"showFlares":true,"showImageEffects":true,"showParticleSystems":true},"in2DMode":false,"pivot":{"x":1.6100000143051148,"y":0.227308988571167,"z":-0.09170925617218018},"rotation":{"x":-0.09274239093065262,"y":0.05135601386427879,"z":-0.004789926577359438,"w":-0.9943532943725586},"size":6.190759181976318,"orthographic":false}