{"cameraMode":{"drawMode":0,"name":"Shaded","section":"Shading Mode"},"sceneLighting":false,"audioPlay":false,"sceneViewState":{"showFog":true,"showMaterialUpdate":false,"showSkybox":true,"showFlares":true,"showImageEffects":true,"showParticleSystems":true},"in2DMode":false,"pivot":{"x":803.5799560546875,"y":43.040008544921878,"z":0.0},"rotation":{"x":0.2311491221189499,"y":0.07666876912117005,"z":-0.018275311216711999,"w":0.9697206020355225},"size":221.5286102294922,"orthographic":false}