{"cameraMode":{"drawMode":0,"name":"Shaded","section":"Shading Mode"},"sceneLighting":false,"audioPlay":false,"sceneViewState":{"showFog":true,"showMaterialUpdate":false,"showSkybox":true,"showFlares":true,"showImageEffects":true,"showParticleSystems":true},"in2DMode":false,"pivot":{"x":38.11063766479492,"y":-1.548663854598999,"z":0.0005168914794921875},"rotation":{"x":0.014840055257081986,"y":0.9744183421134949,"z":-0.21380998194217683,"w":0.06763186305761337},"size":29.466833114624025,"orthographic":false}