{"cameraMode":{"drawMode":0,"name":"Shaded","section":"Shading Mode"},"sceneLighting":false,"audioPlay":false,"sceneViewState":{"showFog":true,"showMaterialUpdate":false,"showSkybox":true,"showFlares":true,"showImageEffects":true,"showParticleSystems":true},"in2DMode":false,"pivot":{"x":52.27000045776367,"y":4.083658695220947,"z":0.0853000283241272},"rotation":{"x":0.022456884384155275,"y":-0.060548990964889529,"z":0.0013625506544485689,"w":0.9979116916656494},"size":4.99521541595459,"orthographic":false}