{"cameraMode":{"drawMode":0,"name":"Shaded","section":"Shading Mode"},"sceneLighting":false,"audioPlay":false,"sceneViewState":{"showFog":true,"showMaterialUpdate":false,"showSkybox":true,"showFlares":true,"showImageEffects":true,"showParticleSystems":true},"in2DMode":false,"pivot":{"x":-8.838512420654297,"y":0.503402590751648,"z":0.0032143890857696535},"rotation":{"x":-0.09274239093065262,"y":0.05135601386427879,"z":-0.004789926577359438,"w":-0.9943532943725586},"size":4.999998092651367,"orthographic":false}