{"cameraMode":{"drawMode":0,"name":"Shaded","section":"Shading Mode"},"sceneLighting":false,"audioPlay":false,"sceneViewState":{"showFog":true,"showMaterialUpdate":false,"showSkybox":true,"showFlares":true,"showImageEffects":true,"showParticleSystems":true},"in2DMode":false,"pivot":{"x":-5.420000076293945,"y":0.6778411865234375,"z":-0.027881011366844178},"rotation":{"x":-0.09274239093065262,"y":0.05135601386427879,"z":-0.004789926577359438,"w":-0.9943532943725586},"size":5.396092414855957,"orthographic":false}