{"cameraMode":{"drawMode":0,"name":"Shaded","section":"Shading Mode"},"sceneLighting":true,"audioPlay":false,"sceneViewState":{"showFog":true,"showMaterialUpdate":false,"showSkybox":true,"showFlares":true,"showImageEffects":true,"showParticleSystems":true},"in2DMode":false,"pivot":{"x":-13.200234413146973,"y":1.5574870109558106,"z":-0.2515840530395508},"rotation":{"x":-0.08967021107673645,"y":0.10645709186792374,"z":-0.00964033231139183,"w":-0.9902187585830689},"size":5.179776191711426,"orthographic":false}