{"cameraMode":{"drawMode":0,"name":"Shaded","section":"Shading Mode"},"sceneLighting":true,"audioPlay":false,"sceneViewState":{"showFog":true,"showMaterialUpdate":false,"showSkybox":true,"showFlares":true,"showImageEffects":true,"showParticleSystems":true},"in2DMode":false,"pivot":{"x":-3.543869733810425,"y":2.4938743114471437,"z":-0.30146217346191409},"rotation":{"x":-0.049459654837846759,"y":-0.02846118062734604,"z":0.0014094888465479017,"w":-0.9983695149421692},"size":16.047508239746095,"orthographic":false}