{"cameraMode":{"drawMode":0,"name":"Shaded","section":"Shading Mode"},"sceneLighting":true,"audioPlay":false,"sceneViewState":{"showFog":true,"showMaterialUpdate":false,"showSkybox":true,"showFlares":true,"showImageEffects":true,"showParticleSystems":true},"in2DMode":false,"pivot":{"x":-13.404457092285157,"y":2.8954756259918215,"z":-0.35564374923706057},"rotation":{"x":0.04942454770207405,"y":-0.047320641577243808,"z":0.0023444874677807094,"w":0.9976534843444824},"size":35.47618865966797,"orthographic":false}