{"cameraMode":{"drawMode":0,"name":"Shaded","section":"Shading Mode"},"sceneLighting":false,"audioPlay":false,"sceneViewState":{"showFog":true,"showMaterialUpdate":false,"showSkybox":true,"showFlares":true,"showImageEffects":true,"showParticleSystems":true},"in2DMode":false,"pivot":{"x":17.432811737060548,"y":1.7787394523620606,"z":-0.013901770114898682},"rotation":{"x":-0.007109689526259899,"y":-0.9786609411239624,"z":0.20246320962905885,"w":-0.034365396946668628},"size":9.390378952026368,"orthographic":false}