{"cameraMode":{"drawMode":0,"name":"Shaded","section":"Shading Mode"},"sceneLighting":false,"audioPlay":false,"sceneViewState":{"showFog":true,"showMaterialUpdate":false,"showSkybox":true,"showFlares":true,"showImageEffects":true,"showParticleSystems":true},"in2DMode":false,"pivot":{"x":16.09613037109375,"y":-1.9675737619400025,"z":-0.0000247955322265625},"rotation":{"x":-0.23174120485782624,"y":-0.059202890843153,"z":0.014129584655165673,"w":-0.9708714485168457},"size":67.38676452636719,"orthographic":false}