{"cameraMode":{"drawMode":0,"name":"Shaded","section":"Shading Mode"},"sceneLighting":false,"audioPlay":false,"sceneViewState":{"showFog":true,"showMaterialUpdate":false,"showSkybox":true,"showFlares":true,"showImageEffects":true,"showParticleSystems":true},"in2DMode":false,"pivot":{"x":-12.424827575683594,"y":1.5399998426437379,"z":0.0},"rotation":{"x":-0.05869210138916969,"y":-0.053285349160432819,"z":0.0031361375004053118,"w":-0.9968481063842773},"size":3.5575177669525148,"orthographic":false}