{"cameraMode":{"drawMode":0,"name":"Shaded","section":"Shading Mode"},"sceneLighting":false,"audioPlay":false,"sceneViewState":{"showFog":true,"showMaterialUpdate":false,"showSkybox":true,"showFlares":true,"showImageEffects":true,"showParticleSystems":true},"in2DMode":false,"pivot":{"x":37.23887252807617,"y":-0.36407017707824709,"z":0.7818560600280762},"rotation":{"x":0.09876339137554169,"y":-0.03879917040467262,"z":0.003853753674775362,"w":0.9943468570709229},"size":12.250885009765625,"orthographic":false}