{"cameraMode":{"drawMode":0,"name":"Shaded","section":"Shading Mode"},"sceneLighting":true,"audioPlay":false,"sceneViewState":{"showFog":true,"showMaterialUpdate":false,"showSkybox":true,"showFlares":true,"showImageEffects":true,"showParticleSystems":true},"in2DMode":false,"pivot":{"x":22.36944580078125,"y":1.6057875156402588,"z":1.87180757522583},"rotation":{"x":-0.049635499715805057,"y":0.07841862738132477,"z":-0.0039108614437282089,"w":-0.9956763982772827},"size":11.108572006225586,"orthographic":false}