{"cameraMode":{"drawMode":0,"name":"Shaded","section":"Shading Mode"},"sceneLighting":false,"audioPlay":false,"sceneViewState":{"showFog":true,"showMaterialUpdate":false,"showSkybox":true,"showFlares":true,"showImageEffects":true,"showParticleSystems":true},"in2DMode":false,"pivot":{"x":-12.424827575683594,"y":1.5399998426437379,"z":0.0},"rotation":{"x":-0.21138501167297364,"y":0.009085387922823429,"z":-0.0019687763415277006,"w":-0.9773587584495544},"size":3.5575177669525148,"orthographic":false}