{"cameraMode":{"drawMode":0,"name":"Shaded","section":"Shading Mode"},"sceneLighting":true,"audioPlay":false,"sceneViewState":{"showFog":true,"showMaterialUpdate":false,"showSkybox":true,"showFlares":true,"showImageEffects":true,"showParticleSystems":true},"in2DMode":false,"pivot":{"x":14.819478034973145,"y":-6.089240550994873,"z":-10.147151947021485},"rotation":{"x":-0.103447325527668,"y":0.8718155026435852,"z":-0.20947976410388947,"w":-0.43052831292152407},"size":25.47373390197754,"orthographic":false}